companyName,idseint
C2W - Test,1
LogIQL,3
HealthEquity,5
Qualtrics,6
Seint,14
Maskcara - Sandbox,50
No Laying Up,56
doTERRA INTL,60
Divvy,62
G11,63
Vivint DTH,71
Touchstone Essentials,76
"Rekt Energy, LLC",78
4 Weeks to Read,80
Activz,81
Modere,85
Isagenix International LLC,90
dOrbital ,96
"Agravitae, Inc  ",102
VelociRax LLC,110
Keap by Infusionsoft,111
Qualtrics 5FTF,112
AuditBoard,113
Micro Focus,115
SunRun,123
Greenix,125
I Chart You,131
Ulife,133
Podium Corporation INC.,135
Hawx Sales,153
Safe Haven,174
Engage Global,216
DoTERRA MFG,234
Safe Street,235
Vivint- Preseason Uniforms,241
Moxie Services,242
Entrata,250
Podium - People Ops ,255
EXOS,256
Vivint - AMI,258
Vivint - Tech Uniforms Only,259
Vivint - NIS,260
Cricut,293
Vivint - FSP Gifts,295
Vivint - FSP,296
Vivint - Retail,299
Vivint - Summer Tech,300
Vivint 2017 Summer Sales,301
Vivint 2018 Summer Sales,302
Vivint Uniform Program,303
Vivint - 2019 30 DAYS to Pro,304
vivint - 2020_30DTP,305
Vivint Solar Sales (Vivint Plus),306
Vivint - 2020 Summer Sales Uniforms,307
Vivint Gives Back Charity,309
Vivint GM Portal,311
Vivint - Pro Channel,312
Avolta,325
The PMS Belt,330
Pro Pain Away,331
vivint - 2021_30DTP,333
LINW Foundation,334
Yu ,338
Henry Schein,341
LGCY Power,342
Vivint - Supply Chain,347
Limitless Flight,348
Fluoressa,349
Vivint - 2021 Summer Sales Uniforms,352
Sunrun - Street Exclusive,354
Sandy Pickle,360
Solgen Power,361
Elftivities ,363
Vivint - Customer Loyalty,364
HYEST Products LLC,365
Fox Pest Control,366
"Borboleta Beauty, Inc.",367
Remy and Roo,370
Purelight Power,375
Kairos Ventures Ltd,376
RainFocus,377
Protegrity,378
Freedom Solar Pros,390
Launch Ramps,391
Vitanax,394
GMG,395
Versured,396
Vivint - 2022 Summer Sales,398
Pattern,400
Healthy Cell,402
Grueter Golf,405
Kin Home,406
Lane Powell,454
Freedom Forever,455
Freedom Forever (BSM),456
Freedom Forever (IAD),457
LGCY Customer Store,465
KUDO,467
Plexus,469
Lumio,470
HealthyHome,471
Lumio Sales,472
Private Label Accelerators (PLA),473
Joy Organics,474
Ikigai,500
INNOVISION LLC (Vitality),501
New Wave (WVMF HOLDINGS LLC),502
Awakend,505
Vivint - Recruiting,506
Trofi Life,507
Laird Superfood,508
Techcyte,509
Bright Planet Solar,510
Utah Jazz,511
Vivint - 2023 Summer Sales,518
Switchback Holdings,519
Vivint DTH Events,520
Sylivia Jalomo,521
VOX Fulfillment - Shipping Account,524
Vivint - 2023 TECH - Summer Sales,525
Vox Fulfillment Misc,538
Shaklee,560
NAR,573
Quick Quack,575
Hawx Ops,576
Uplife,577
shikharTech,578
Melaleuca,579
Budder,580
AtCor Medical,581
Vivint - People and Culture,590
Hawx Corporate,593
Ion Solar,594
Tranzact Card,595
Q Sciences,600
Vox Swag - TEST,601
Sherelle Lum,602